{
    "Year": [
        1996.767503858566,
        2016,
        1975
    ],
    "Young Age Dependency Ratio": [
        59.61617370750346,
        114.38828800291,
        15.9547454011501
    ],
    "Retirement Age Dependency Ratio": [
        10.43072321495741,
        46.9608333063349,
        0.199773990122035
    ],
    "Population": [
        32230008.37813947,
        1387790000,
        6381
    ],
    "Male Population Ratio": [
        50.08348249434012,
        76.6057826183619,
        45.5144137746939
    ],
    "Urban Population Ratio": [
        51.315294794443666,
        100.0,
        3.525
    ],
    "Total Area (sq km)": [
        703648.6181321734,
        17098250.0,
        20.0
    ],
    "GDP_per_Capita": [
        7236.891338697622,
        123678.702143275,
        0.0024249251912713
    ],
    "Life Expectancy": [
        65.95674849336258,
        83.9848780487805,
        11.995
    ],
    "Infant mortality per 1000 live births": [
        43.57278282587344,
        254.4442,
        0.7359
    ],
    "BMI": [
        24.219250736635328,
        33.7,
        17.5
    ],
    "BMI Female": [
        24.59,
        34.1,
        16.5
    ],
    "BMI Male": [
        23.85,
        33.3,
        17.6
    ]
}