{
    "Year": [
        1996.2518731988473,
        2015,
        1975
    ],
    "Young Age Dependency Ratio": [
        59.95533452083612,
        114.38828800291,
        15.9675657344347
    ],
    "Retirement Age Dependency Ratio": [
        10.371438950956566,
        45.5482774736384,
        0.199773990122035
    ],
    "Population": [
        6.685784317836225,
        9.139835025305732,
        3.8048887446223913
    ],
    "Male Population Ratio": [
        50.08138358303986,
        76.6057826183619,
        45.5281190301891
    ],
    "Urban Population Ratio": [
        51.14141268011527,
        100.0,
        3.525
    ],
    "Total Area (sq km)": [
        4.9619502666279205,
        7.232951662776033,
        1.3010299956639813
    ],
    "GDP_per_Capita": [
        3.3491765199150363,
        5.092294919208698,
        -2.6153016548015975
    ],
    "Life Expectancy": [
        65.80555128980109,
        83.7939024390244,
        11.995
    ],
    "Infant mortality per 1000 live births": [
        1.4402838706375654,
        2.405592555674223,
        -0.07613452481449859
    ],
    "BMI": [
        24.177074927953893,
        33.7,
        17.5
    ],
    "BMI Female": [
        24.55,
        34.1,
        16.5
    ],
    "BMI Male": [
        23.81,
        33.3,
        17.6
    ]
}