{
    "Year": [
        1996.767503858566,
        2016,
        1975
    ],
    "Young Age Dependency Ratio": [
        59.61617370750346,
        114.38828800291,
        15.9547454011501
    ],
    "Retirement Age Dependency Ratio": [
        10.43072321495741,
        46.9608333063349,
        0.199773990122035
    ],
    "Population": [
        6.6890754820617255,
        9.14232375376929,
        3.8048887446223913
    ],
    "Male Population Ratio": [
        50.08348249434012,
        76.6057826183619,
        45.5144137746939
    ],
    "Urban Population Ratio": [
        51.315294794443666,
        100.0,
        3.525
    ],
    "Total Area (sq km)": [
        4.961932360721866,
        7.232951662776033,
        1.3010299956639813
    ],
    "GDP_per_Capita": [
        3.358883412304446,
        5.092294919208698,
        -2.6153016548015975
    ],
    "Life Expectancy": [
        65.95674849336258,
        83.9848780487805,
        11.995
    ],
    "Infant mortality per 1000 live births": [
        1.4328213628768711,
        2.405592555674223,
        -0.13318119707395185
    ],
    "BMI": [
        24.219250736635328,
        33.7,
        17.5
    ],
    "BMI Female": [
        24.59,
        34.1,
        16.5
    ],
    "BMI Male": [
        23.85,
        33.3,
        17.6
    ]
}